ID,名前,フリガナ,電話番号,メールアドレス,パスワード,登録日時,アカウントフラグ
1,菅田 素子,カンタ モトコ,090-7759-8990,J6D7Iv@example.co.jp,ub5GoY1V,1976/7/26 5:12:31,0
2,木内 三枝子,キウチ ミエコ,080-4559-3187,HL14t4oC2@sample.com,n6Q9ZtoL,1980/5/14 17:08:45,1
3,冨田 良男,トミタ ヨシオ,080-8158-6153,xcoV3@sample.org,OhbDJLpw,1993/11/28 10:35:03,1
4,下田 吉郎,シモダ キチロウ,090-3947-2873,crDRpln@sample.co.jp,SDWOBoIp,1999/8/18 13:05:00,0
5,片桐 常吉,カタギリ ツネキチ,090-2375-0486,rmczk4@example.org,RQNfKUev,1976/2/11 5:39:56,0
6,角田 武治,ツノダ タケジ,090-8440-8967,RZWPI2nRH@sample.net,HsQ_HBS6,1976/11/16 2:59:49,1
7,坂野 加奈子,サカノ カナコ,090-3854-7071,b9kTm@sample.org,vu61Lo8i,2017/2/23 14:49:03,0
8,中里 雅人,ナカザト マサト,090-3775-8876,TtPFRve@test.com,rIuTJIT9,1971/11/29 12:42:34,1
9,神野 恵子,ジンノ ケイコ,090-1833-5901,poVpA9BYOb@example.co.jp,BLG9hVnP,1992/9/23 6:37:54,1
10,小柴 浩子,コシバ ヒロコ,090-3526-8722,lVkryQ8WI@sample.jp,aZMOlTMn,1987/11/17 22:37:53,1
11,有本 友子,アリモト トモコ,090-1735-3295,OL8Yiu5@example.com,k_KcOWhB,2013/3/20 19:29:58,0
12,奧田 雅博,オクタ マサヒロ,080-2987-3233,e91whAKDe@test.net,Havi9LVE,2018/6/28 20:24:36,0
13,野中 来未,ノナカ クルミ,090-0874-7685,MTBVyDzxT@sample.jp,i1DC2QRH,2006/10/14 6:26:16,0
14,野澤 璃乃,ノザワ リノ,090-1262-2403,Qoj8exSaF@test.com,fObRp3EH,2008/12/12 8:55:02,0
15,野津 隆之,ノヅ タカユキ,090-2262-5493,lKZtmF@example.jp,fyaeC1ME,1971/7/19 22:47:37,1
16,梅津 一子,ウメヅ イチコ,090-9851-0990,OE3NHGeip@sample.org,d9GTDoSo,2014/9/3 5:18:41,0
17,岡野 喜市,オカノ キイチ,080-5194-1751,sUlwk@sample.org,WNGRNEAw,2005/6/28 22:09:18,0
18,向山 竹男,ムカイヤマ タケオ,080-2878-4424,xzkk0@example.org,hjSOCNux,1978/4/8 3:15:22,1
19,武市 穂乃佳,タケイチ ホノカ,090-6975-6842,dzQEJ@sample.co.jp,VkcK0QJc,2009/9/11 18:22:09,1
20,新城 哲男,シンジョウ テツオ,080-5325-3709,XeYZGqpPL@sample.org,Qx95_hR4,2005/1/23 16:56:32,1
21,池本 優希,イケモト ユウキ,080-6251-9244,xnyoEz5YM@sample.com,ttcrzmPa,2010/10/21 12:55:23,0
22,船木 達男,フナキ タツオ,080-1628-9407,wNv3V6ct@test.com,GgWioA95,1972/12/17 18:46:32,1
23,湯田 清香,ユダ サヤカ,080-5497-8251,jqYqnBgs@example.org,uboyHkrS,2005/4/26 20:39:29,0
24,上地 淳一,カミチ ジュンイチ,080-5711-7415,eg1FExJ@sample.jp,ySdFa5Mg,2003/10/23 16:59:04,0
25,河端 達徳,コウバタ タツノリ,080-0172-1221,IX2jF@test.co.jp,b5YIijyw,1988/3/17 15:05:56,1
26,小田島 清蔵,オダジマ セイゾウ,090-4224-0439,n1F19@sample.net,MJ53RFtv,1976/4/23 2:03:32,0
27,東 功,ヒガシ イサオ,080-5175-4796,RHFKcT@sample.jp,xNb_uQuA,1991/6/26 5:46:03,0
28,城間 夕菜,グスクマ ユウナ,080-0896-8329,C5XIoPGROV@example.net,ebOPL9ZS,1991/10/20 18:03:45,0
29,西出 等,ニシデ ヒトシ,090-5567-0632,rGWMt@test.net,EexUFFGf,2004/11/24 17:40:20,0
30,横井 金一,ヨコイ キンイチ,080-2757-7110,QsrmphxA@test.jp,gCYaD8C8,2016/11/10 22:28:35,0
31,山西 花凛,ヤマニシ カリン,090-1308-0315,ym2gLUt@test.co.jp,QXLvIACz,2012/8/18 7:36:48,0
32,国吉 花凛,クニヨシ カリン,090-6358-7804,XBCFhtc@example.co.jp,dbdVw6TP,2003/2/13 0:26:46,1
33,野間 金造,ノマ キンゾウ,080-9457-0562,HrqJt56SfK@example.com,WhCalxkz,1989/8/13 7:34:55,1
34,長野 拓海,ナガノ タクミ,080-2641-1714,yFPxJ9wTWV@example.co.jp,Oa44kHP8,2016/3/21 5:27:42,1
35,田尻 英司,タジリ エイジ,080-3652-2322,DY7JuK@example.net,ezRYZE_b,1997/5/3 7:03:19,0
36,白川 克洋,シラカワ カツヒロ,090-6786-9762,qahphSst@sample.co.jp,glf7cyEX,2006/8/8 17:15:22,0
37,道下 瑞稀,ドウカ ミズキ,090-3775-9441,UW1QQa9z@example.net,jqCXM6S6,1984/11/29 8:49:26,1
38,大迫 麻美,オウサコ アサミ,080-7958-4338,CoRNU2@example.com,IVDGPMCH,1972/4/13 1:00:01,1
39,白沢 美雨,シラサワ ミウ,090-5045-4062,Wm6G4Zr9@test.com,DHQCgCro,2013/9/16 5:35:04,0
40,島崎 信二,シマサキ シンジ,090-1864-9291,LgRTs@sample.net,BITrC4SF,2019/2/24 4:02:50,1
41,秋本 柚,アキモト ユズ,090-3613-6850,QW_tzjO@test.co.jp,LPIMjeD9,1989/6/28 9:05:50,0
42,野上 重夫,ノガミ シゲオ,080-5123-6966,hK9iF2gdA@test.jp,gDtqmzY4,2002/8/14 15:41:04,0
43,古畑 政一,コバタ マサイチ,080-9189-9127,yg7efWPr@sample.jp,djcSypcR,2002/7/1 3:35:36,0
44,長谷部 静男,ハセベ シズオ,090-3265-3665,GtNfZ3XPv@sample.net,IxygSsgZ,1972/1/7 17:17:39,0
45,赤堀 楓華,アカボリ フウカ,080-3100-6437,rsWgdj@sample.jp,jCl7NIaV,1975/8/18 21:19:44,0
46,長友 勝巳,ナガトモ カツミ,090-7786-1526,OF8INw@example.jp,E1ArBTSs,2016/2/12 0:50:47,0
47,浜野 安男,ハマノ ヤスオ,090-1799-5311,uAU3Rq@example.org,mteprijf,2001/9/29 20:43:20,0
48,石沢 陽菜,イシザワ ハルナ,080-4102-3861,NnUDivBOUR@test.com,Pxd36pXc,1999/11/8 8:35:58,1
49,神保 心愛,ジンポ ココア,090-7942-5770,x5av4_cG1v@sample.com,FTlXa3Ko,1981/7/12 22:25:48,0
50,松倉 敏正,マツクラ トシマサ,090-5899-2286,bipvpSea@example.co.jp,me5tg69C,2016/1/21 16:44:43,0
51,羽生 春江,ハネウ ハルエ,090-3566-6795,iFCl6@example.co.jp,Oz6AuA_j,1998/6/5 18:03:48,0
52,兼子 亜希,カネコ アキ,080-2779-1942,xo40N16jR@test.org,Wy50SAIy,1990/5/28 9:33:35,1
53,西出 忠,ニシデ タダシ,090-6078-0452,DcM4TH@test.co.jp,CmrwX2Ch,2018/2/11 19:52:43,0
54,森脇 良平,モリワキ リョウヘイ,080-1798-5428,iUNkLr5i@example.com,TyGJVLDK,2016/10/13 19:48:19,0
55,守谷 伊織,モリヤ イオリ,080-8637-4622,gbvhnNPDL@sample.net,gHw5Wje1,1978/11/8 18:40:54,0
56,熊木 恒男,クマキ ツネオ,080-8981-8949,QQpZT@example.jp,Yc3UnCP6,1979/11/20 7:55:10,1
57,神山 憲治,コウヤマ ケンジ,080-1633-4226,pbwXcwrH1h@example.net,usbg1Als,1995/7/25 4:56:28,0
58,米田 百花,マイタ モモカ,090-1742-3593,Axhge@test.net,fedv1A9e,2003/10/27 15:48:29,0
59,小柴 英雄,コシバ ヒデオ,080-6833-4643,NTl1XIVq@example.co.jp,HgZZvuMI,1992/11/3 23:11:42,0
60,野瀬 亀吉,ノセ カメキチ,080-5787-1378,d65Qf7pD@sample.org,LDMmN1CO,1975/5/22 17:24:50,0
61,荒 宗男,アラ ムネオ,090-8445-9708,HCQYpkOdF@test.net,fPinfDSY,1983/11/20 10:44:42,0
62,倉本 英明,クラモト ヒデアキ,080-7446-8727,LoWwiYe@test.co.jp,yNC6yOzZ,2003/5/20 5:36:05,0
63,風間 光夫,カザマ ミツオ,080-4354-0106,DXmlC93@test.jp,ikFbqFpi,2002/8/17 7:37:08,1
64,東山 譲,トウヤマ ユズル,080-4180-9005,deM2Dw@test.com,rtUqAavg,1996/9/11 11:18:34,1
65,笹田 真優,ササダ マユ,090-8946-9901,b1RYHxR6@example.co.jp,wQaHTRgU,2011/12/30 11:21:06,1
66,中垣 三雄,ナカガキ ミツオ,080-3424-9373,uUYUg@example.co.jp,S_ODYy_I,1997/4/29 21:48:08,0
67,徳山 桜子,トクヤマ サクラコ,090-5879-0894,HoeReX@sample.jp,lFiUkYlr,1982/5/17 3:26:47,1
68,土方 博史,ヒジカタ ヒロシ,090-3146-4928,d8SUBJ@example.com,kjROHbSP,1984/12/11 19:40:31,0
69,横沢 柚月,ヨコザワ ユヅキ,090-9562-1341,B5VjL@sample.co.jp,D74uKrj5,2020/11/13 19:44:14,1
70,小寺 羽奈,オデラ ハナ,090-8115-1016,mAGjmRBBe@example.com,BDnToc7A,2011/4/11 19:02:44,0
71,平岩 澄子,ヒライワ スミコ,090-7076-1790,pke_hyR4eC@example.org,MzWBcoiS,2001/5/15 3:41:31,0
72,杉谷 彩乃,スギタニ アヤノ,090-7687-2917,NMr9chBxd@example.jp,Fuxl2CDb,2018/10/12 2:54:29,1
73,田岡 勝利,タオカ カツトシ,090-7409-2550,hAY2PmgG@example.co.jp,f28s6_No,2004/5/8 7:59:01,0
74,神保 満,ジンポ ミツル,090-6134-7632,Q0NKjfqB@test.org,jf_s1Id1,2013/3/30 4:17:13,1
75,湯沢 孝夫,ユザワ タカオ,080-3380-6566,dWage6Z@example.co.jp,b0i9VpCN,1979/5/4 3:47:30,0
76,田沼 時子,タヌマ トキコ,080-5250-2469,obDel0fDg@sample.org,vXDS6BLr,2006/2/27 6:26:45,0
77,竹谷 幸二,タケヤ コウジ,080-3476-0738,c3m9H_Wv8K@example.co.jp,Rl3Hk1D7,2001/1/14 22:25:38,1
78,伏見 春代,フシミ ハルヨ,080-9070-1238,vtNRItQuD@sample.org,QNqT9byN,2018/12/28 4:01:20,0
79,杉原 寧音,スギハラ ネネ,080-0416-9464,WRk6v6o30@sample.jp,FiGs3R2z,2012/5/13 22:41:44,1
80,松平 柚花,マツダイラ ユズカ,090-8375-5262,eTV6ABzX5p@sample.co.jp,G_VBTI8v,1995/7/5 5:36:52,0
81,蜂谷 巌,ハチタニ イワオ,090-1174-7434,grD4UNIKe@example.jp,DEHyXWnf,2004/11/13 12:00:23,1
82,石黒 結芽,イシクロ ユメ,090-1894-0936,Uw5PR1WB7D@sample.jp,n5Vkxx5d,2008/12/10 0:32:21,0
83,吉川 裕美子,キチカワ ユミコ,080-7485-3455,YoTx1cx5b@test.com,JT9jS2mc,2010/11/30 19:24:06,0
84,金森 洋一,カナモリ ヨウイチ,090-6410-5422,xgbsXHD0@example.net,BLCs56ZH,1991/3/19 21:40:56,1
85,小松崎 彩華,コマツザキ アヤカ,090-0446-8649,dEG7U@sample.com,bsw2YMgu,2018/8/17 12:13:41,1
86,米谷 千佐子,ヨネタニ チサコ,080-4190-2920,p6OOKTUYBI@test.co.jp,rEAUw0yO,2017/7/24 11:20:54,1
87,久松 義明,ヒサマツ ヨシアキ,090-3749-6938,hkRrcq@example.com,htqAI39A,1986/1/18 7:17:12,0
88,宮部 柑奈,ミヤノベ カンナ,080-9414-1302,h2GG9mf@example.org,tREdJ6sR,2015/9/2 5:50:53,1
89,浜島 美香,ハマシマ ミカ,090-6075-0074,yWy63nMfH9@test.org,jYpgDR0x,1996/2/20 10:02:35,1
90,宮﨑 雛乃,ミヤザキ ヒナノ,080-1613-8657,xamrGERt@example.com,VMGZ41n7,2014/10/11 6:16:52,0
91,矢田 雪乃,ヤダ ユキノ,080-2800-5819,mNTzLkF@test.co.jp,v19o97po,2015/4/7 18:14:15,1
92,梶山 勝也,カジヤマ カツヤ,080-5623-1773,sal_jdEdT@sample.co.jp,tlJCwhrP,2012/10/7 6:22:59,0
93,森野 美紀,モリノ ミキ,090-0768-3316,tRV5RS9WkB@test.com,u3GLKpqy,2004/1/10 21:41:06,0
94,加賀 花楓,カガ カエデ,080-0005-0236,Q3xj1_@example.co.jp,uUtegoKu,1972/1/5 23:02:40,1
95,佐竹 君子,サタケ キミコ,080-9450-3151,ouFuAlvK@example.com,NVGMBkmr,1996/10/2 21:49:02,1
96,井戸 雅夫,イド マサオ,090-2347-5097,PxDH2tGL@test.com,R_oDy7JI,1989/6/13 22:51:14,1
97,山木 寅男,ヤマキ トラオ,090-2605-5602,Iaie0Z@test.com,e7hgY0mD,2018/11/10 7:06:45,1
98,新里 清隆,ニイザト キヨタカ,090-0165-1448,cM6iBlbTe8@example.jp,yk0V8X12,2011/4/17 18:28:27,0
99,神谷 玲子,カミタニ レイコ,090-6871-2324,LJr5FJr@example.org,bSbIbbA7,2020/9/4 1:57:44,0
100,岸 梨子,キシ リコ,090-5315-0503,g_U5z2@sample.jp,aFW3vS3_,1970/8/16 12:26:12,1
101,若井 昌之,ワカイ マサユキ,080-4654-7713,UFz4hX@test.org,XWW_9DPY,1978/7/11 9:14:15,1
102,杉原 時雄,スギハラ トキオ,080-4396-2310,vwbYbJRr@sample.net,DmCs0I9z,1970/11/3 2:15:08,0
103,進藤 菜奈,シンドウ ナナ,080-3192-5616,xUxgIw4@test.net,YhuDQhXR,1989/1/16 23:46:14,1
104,新妻 英次,アヅマ エイジ,080-7559-3820,p3jRkyHi8p@sample.jp,NdMiG84I,1990/8/12 17:55:12,1
105,大和 金之助,オオカズ キンノスケ,090-9510-4003,KGUqPkb@test.jp,I_e_G0ao,1990/3/31 2:29:22,1
106,中居 治之,ナカイ ハルユキ,090-8402-6862,WjQ1qjb_@test.org,Mn55Pc6r,2009/1/19 23:40:50,0
107,磯田 莉音,イソダ リオン,090-6085-9236,SKhkUwHMVV@sample.org,Sg_fW2Qp,2018/2/15 16:23:02,1
108,黒崎 桜花,クロサキ オウカ,080-9944-3044,wHKaNcUvY@test.co.jp,G69bN18a,2009/4/14 14:16:22,0
109,中江 碧依,ナカエ アオイ,080-7727-3326,gG25xPW49@sample.org,V_98rG9V,1986/7/16 0:41:11,0
110,荒 一彦,アラ カズヒコ,090-4045-3443,yPdW3cq@test.org,Ll6cxPyB,1998/6/5 21:58:36,1
111,倉持 有正,クラモチ アリマサ,090-5601-8962,LC5Rx@example.jp,A_H5XSu_,2018/12/25 19:33:17,0
112,長田 晃子,ナガタ アキコ,080-6185-6418,SrVQVzZUG@test.jp,GoemAImh,2000/4/18 19:56:58,0
113,真木 八郎,マキ ハチロウ,090-7533-4855,bc7f2@test.com,qufkAIHn,1971/5/28 1:26:27,1
114,本橋 香凛,ホンバシ カリン,080-1993-7158,xVrKu4Y@example.co.jp,jNVcVKzl,1973/6/30 0:19:15,1
115,加藤 琴,カトウ コト,080-3786-3619,oGhNOY@test.co.jp,cxfA0ZzI,1996/6/22 6:01:12,0
116,横井 美菜,ヨコイ ミナ,090-2683-9762,C5SqV3N_ja@example.org,KeUkwKUL,1999/6/1 6:33:05,1
117,向山 美結,ムコウヤマ ミユ,080-8518-5672,WxwBR2A@sample.com,RVzcazYU,1979/2/24 4:51:05,1
118,天野 彩乃,アマノ アヤノ,080-0760-7117,aECKomta@test.jp,PqzJQLUK,1977/3/20 18:07:29,0
119,塩川 彰英,シオカワ アキヒデ,080-0340-7292,EVQ6kB3S8Y@test.jp,G7BGSLlt,1976/5/31 6:32:31,1
120,香月 智恵,コウゲツ チエ,080-9249-7495,XRlE2y_bzr@example.co.jp,NfGGujYH,1987/6/25 16:51:00,1
121,長沢 真理子,ナガサワ マリコ,080-0387-5962,qXg8BP8Sye@example.jp,nXm3rDzk,1997/6/4 23:47:55,1
122,小平 豊作,コダイラ トヨサク,080-1705-9867,qjyCY3Oh@sample.co.jp,sGZt58XV,1979/12/5 21:59:52,0
123,大畠 威雄,オオハタ タケオ,090-8425-2484,FI1R1O@example.co.jp,Hq09a3JT,2001/5/20 10:29:44,0
124,川添 一弘,カワゾエ カズヒロ,080-1451-9705,rwS0eM5IWQ@sample.co.jp,vdxJhjOt,2010/2/2 4:51:37,1
125,本郷 良之,ホンゴウ ヨシユキ,090-2527-1136,jaGurYUEEF@sample.com,hK6cmd1l,1995/8/6 12:16:45,0
126,水越 豊樹,ミヅコシ トヨキ,090-8721-3844,Urdp_VN@sample.net,nYjhguqp,1996/8/11 3:16:03,0
127,金谷 翼,カネタニ ツバサ,080-0878-6481,bQ7_hW8A@test.net,LxHjsEkZ,1984/2/10 10:34:37,0
128,三原 詩,ミハラ ウタ,080-5797-9274,glUqa@example.co.jp,kjr4CLSU,1991/12/29 7:13:20,1
129,岡林 有正,オカバヤシ アリマサ,080-3579-1627,B9GX_X3@example.co.jp,I9aMZo29,1985/2/20 18:49:46,1
130,間宮 紗弥,マミヤ サヤ,090-2245-9503,qskTGSPCT@example.net,SudE8weP,1989/9/26 13:47:38,0
131,仲田 純,ナカタ ジュン,090-5503-9979,B9g3j@example.jp,JtmnIkkp,2000/3/3 11:03:39,1
132,加茂 弘明,カモ ヒロアキ,080-4662-4006,BzcFfA0Gb@sample.com,r_UxW9WH,1986/3/27 7:38:18,1
133,門田 葵依,カドタ アオイ,080-6620-2585,WDEpE2@sample.org,EnvgNKdp,2002/4/15 9:42:54,0
134,田頭 達,デンドウ トオル,090-3116-2637,GZJVQ@test.co.jp,L9HYk0fT,2018/10/7 3:41:12,0
135,衛藤 俊二,エトウ シュンジ,090-4867-3153,gxRbmWX4uo@test.org,YXaf5Efk,2002/2/24 14:04:49,1
136,綾部 龍平,アヤベ リュウヘイ,090-7139-6917,MhacIL@test.jp,Gu2zuzZp,1987/2/24 10:00:33,1
137,玉置 天音,タマオキ アマネ,080-3574-7618,aSnoBS8@example.jp,mkRoL7Jr,2009/3/6 9:26:59,0
138,矢崎 瑞季,ヤガザキ ミズキ,090-5951-7003,mA2HbKvlk@example.jp,O_KQ65PF,1973/8/19 12:23:34,1
139,山川 日向,ヤマカワ ヒナタ,090-9429-1779,L_ZRZTGfbS@example.net,FGiQTD4o,1993/5/18 18:09:34,1
140,青木 正好,アオキ マサヨシ,090-4989-0972,DHMHNI@example.net,pXwEboe0,1994/8/12 15:37:05,0
141,若月 弘明,ワカツキ ヒロアキ,090-7364-5233,vclSVw89dV@example.net,h2Qws4JS,2018/1/19 17:31:36,1
142,赤間 晃一,アカマ コウイチ,090-7390-4387,oOPDrSKU@test.co.jp,ddkwcWaA,1998/4/8 10:47:57,0
143,芝田 麻里子,シバタ マリコ,080-8124-5535,QLbmw@test.jp,MdqjkjpF,2007/10/14 1:46:52,0
144,熊田 柚,クマダ ユズ,080-7396-3398,LYJjCz@sample.org,SFPZUL38,2020/4/3 10:08:43,0
145,相良 努,アイラ ツトム,090-3476-1945,hOp6Di@sample.jp,in5Vq18D,1974/10/15 14:35:14,1
146,門脇 完治,カドワキ カンジ,080-8284-3083,mnUpX@test.jp,fX3y6htS,1997/1/8 4:17:53,1
147,布川 凛華,ヌノカワ リンカ,090-6362-3236,yLjckDxZv5@sample.com,LZhIs3Ec,1995/3/5 3:43:10,0
148,坂野 浩重,サカノ ヒロシゲ,090-2641-8283,EZBel5YT7Q@sample.co.jp,dpphgomg,1994/11/8 7:26:12,1
149,稲田 典子,イナダ ノリコ,080-3897-6238,DoiteC4@example.com,pbxRWwnt,2010/10/30 22:30:33,1
150,正田 誓三,ショウダ セイゾウ,090-9655-1834,byPZMnFA@test.jp,lNnkusVW,2005/7/6 4:11:56,0
151,大藤 隆三,オオトウ リュウゾウ,080-3253-5845,sBVdmlrEy@sample.net,KDMSqgY3,1979/1/7 1:21:36,0
152,石村 碧,イシムラ ミドリ,090-4256-5815,SpM738jE@test.org,egHAJoQy,1976/5/30 2:33:53,0
153,湯沢 敦盛,ユザワ アツモリ,090-7812-5726,u4VQw@sample.co.jp,gej2fM5v,2017/1/7 14:44:04,0
154,大久保 亜紀子,オオクボ アキコ,080-0509-9755,pgoIdZh5jq@example.co.jp,JJPKVcCO,1995/5/27 18:37:27,1
155,中尾 達徳,ナカオ タツノリ,090-6197-3939,K4j9oT0@test.co.jp,rm3T0FMd,2005/9/29 12:43:55,0
156,浅田 博満,アサダ ヒロミツ,080-6095-4645,skQJW8@example.jp,r9zzmjOy,2006/4/19 6:47:33,0
157,高崎 真結,タカサキ マユ,090-8142-8568,SpAYub@test.co.jp,NVpNxtLH,1975/10/7 13:30:37,0
158,大庭 道春,オオバ ミチハル,080-5777-9098,NjrizN_l@sample.com,CKdmTCRy,2018/8/13 18:59:19,0
159,肥後 洋晶,ヒゴ ヒロアキ,080-8284-7041,bXcXE1@sample.org,lPGzEUEe,1988/3/4 5:39:55,0
160,中川 希美,ナカガワ キミ,080-5068-6657,LoU1mFQ7@example.jp,DMXuKYO1,1991/8/25 7:16:44,1
161,立花 清一,タチバナ セイイチ,080-0066-4009,wweH5J@example.net,vel2oECp,2006/11/10 2:54:00,0
162,細野 恒夫,ホソノ ツネオ,090-2608-7039,REc40z40@example.jp,UftdrcUh,2018/8/25 13:36:30,1
163,白土 奈穂,ハクト ナホ,080-7506-9587,G39Ff20UH@test.org,ta9GWhzd,1987/9/5 14:46:52,0
164,井藤 愛子,イトウ アイコ,090-6314-9147,uVIWZBw@example.com,Kq8iATMr,1982/6/8 8:10:16,1
165,橋場 千晶,ハシバ チアキ,090-6588-6781,SdyyGm1zyr@sample.com,tKbvyFah,1975/7/5 5:26:09,1
166,高見 道雄,タカミ ミチオ,080-9114-9503,nAx8s@test.co.jp,Vtt_6MFH,2008/8/25 11:58:41,1
167,新田 千穂,ニイタ チホ,080-4904-7229,v3WuVXZ9@test.net,AubMfGqu,2000/2/2 20:35:16,1
168,手島 彩芽,テジマ アヤメ,080-5620-2059,T0sLW@example.org,XXlB_0sw,2011/12/18 10:01:49,0
169,田上 音羽,タウエ オトハ,080-0767-2465,x6r9CBAAV6@test.org,tNaLNwRg,2014/5/17 10:24:41,0
170,小栗 初太郎,オグリ ハツタロウ,080-0458-2660,nPIEJw0z@sample.jp,xyU0Kb4w,1999/2/18 17:06:44,1
171,碓井 幸子,ウスイ サチコ,080-3706-6493,Ii9sdos_dT@sample.net,eN_WbDHu,1971/6/24 0:11:24,0
172,福原 百花,フクハラ モモカ,080-9109-0982,Hqvt0DGQP@test.jp,TZxR89e1,1989/10/11 21:00:58,0
173,高城 眞幸,タキ マサキ,090-2406-5775,byuPN@test.co.jp,ksR_grfb,1990/7/20 5:33:35,1
174,水田 柚葉,ミズタ ユズハ,080-8818-0676,JJPQpK3@example.org,PJqRJO2M,2018/10/16 18:34:53,0
175,湯沢 智子,ユザワ トモコ,090-1339-1790,tqNg9i@sample.co.jp,uAsu3cAG,1981/10/10 15:15:53,0
176,鶴田 奈保美,ツルタ ナホミ,080-0162-8156,ANpu5@sample.org,yWQb_SyI,1972/8/20 19:06:31,1
177,杉崎 一二三,スギサキ ヒフミ,080-4962-8937,bHQg01@sample.co.jp,RbfnUOV9,2006/5/28 8:51:26,0
178,田坂 照雄,タサカ テルオ,080-2250-8156,qKYyh8PJ@sample.org,MPuRhkul,2019/9/24 0:14:17,0
179,三野 理緒,サンノ リオ,090-2474-0253,YWBWAlz@example.net,L1PfQj_X,2005/9/3 1:58:47,1
180,多賀 栄一,タガ エイイチ,090-6890-4136,M3q90hLkQ4@example.jp,XXmMxBRx,2004/11/18 16:03:04,1
181,筒井 愛香,ツツイ アイカ,090-4900-0089,q9l6b_0CYE@sample.co.jp,LnQMhxll,1986/10/21 3:22:00,1
182,塩野 陽和,シオノ ヒヨリ,090-7652-6485,JYOZGL9CT@example.net,mhsIRuSv,2004/2/19 18:27:17,0
183,三瓶 重光,ミカメ シゲミツ,080-8142-5031,CdRvxn@test.co.jp,HWLhrY3t,1978/1/27 5:05:43,1
184,小澤 真樹,オザワ マキ,090-8068-8752,WeCcfM@sample.com,p7wsHwPY,1970/5/25 21:13:44,1
185,越智 昌,オチ マサシ,090-1384-1908,qEj7l@sample.com,T5EMPGEc,1978/1/31 11:54:19,1
186,中山 加奈,ナカヤマ カナ,090-5255-6411,g8lTNK5@test.co.jp,uWQtiOwE,1996/11/14 14:20:42,0
187,陶山 信行,トウヤマ ノブユキ,090-4474-1036,skUEmWI@test.org,B2uekV7Y,1988/2/22 12:58:39,1
188,大河内 善次郎,オオコウジ ゼンジロウ,090-7521-6472,HEXKy@example.jp,N5HAwJeT,2014/11/2 22:21:41,1
189,中森 長治,ナカモリ チョウジ,090-0402-1054,QNmNNR@example.jp,A4HwCxsC,1989/1/22 8:50:48,0
190,井原 舞花,イハラ マイカ,080-9212-6198,njjF6R5mqV@sample.co.jp,OaceMqsc,2018/8/31 0:17:43,0
191,金沢 政一,カナザワ マサイチ,080-1868-8640,HD3tQI4vf@test.jp,qD6tAxUL,2015/1/19 8:08:17,1
192,下地 常明,シモジ ツネアキ,080-2010-9394,OT9RXG8JPk@test.org,k3xxBfIw,1976/2/4 0:15:20,1
193,古谷 豊,コタニ ユタカ,090-5209-9680,nVZBG@example.co.jp,B7Hsa9t9,1979/6/26 15:00:42,1
194,松木 勝久,マツキ カツヒサ,090-0275-3494,dfM_VcnrRr@test.co.jp,XTv8ZnGs,2008/8/17 0:58:00,1
195,池野 真美,イケノ マミ,080-7198-6128,gRxRr5@example.net,IV9Ept82,2006/1/1 8:46:17,0
196,田淵 祥治,タブチ ショウジ,090-4312-7488,Dfqrpu2@test.org,MEgaITt_,1977/6/17 6:52:33,1
197,関口 敏明,セキグチ トシアキ,080-5293-5028,HjviLpPO@example.org,FlBeWOPX,1991/10/11 3:43:49,1
198,丹下 都,ニシタ ミヤコ,080-3173-5913,SwMqD9@test.org,fg43ieUc,2016/4/24 3:27:48,1
199,金井 敏男,カナイ トシオ,080-6714-0017,Xc9GTnegPD@sample.com,Pmw7pjyj,2017/11/30 16:07:35,1
200,河津 亜抄子,コウヅ アサコ,090-1668-7278,kbbd4E@sample.jp,NPq0NxJS,1975/9/27 9:09:19,0
201,河津 亜抄子,コウヅ アサコ,090-1668-7278,kbbd4E@sample.jp,NPq0NxJS,1975/9/27 9:09:19,0